[{"model": "blog.category", "pk": 1, "fields": {"name": "Science"}}, {"model": "blog.category", "pk": 2, "fields": {"name": "Technology"}}, {"model": "blog.category", "pk": 3, "fields": {"name": "Nature"}}, {"model": "blog.category", "pk": 4, "fields": {"name": "Culture"}}, {"model": "blog.category", "pk": 5, "fields": {"name": "Design"}}, {"model": "blog.category", "pk": 6, "fields": {"name": "Health"}}, {"model": "blog.category", "pk": 7, "fields": {"name": "Travel"}}, {"model": "auth.group", "pk": 1, "fields": {"name": "Editors", "permissions": [45, 46, 47, 22, 25, 23, 24, 36, 37, 38, 39, 40, 41]}}, {"model": "auth.group", "pk": 2, "fields": {"name": "Normal", "permissions": [29, 31, 33, 22, 24]}}, {"model": "auth.user", "pk": 1, "fields": {"password": "pbkdf2_sha256$100000$MjLlBWLl1GLf$9tOtX8vRbA9jU/Nxz7T41SuO6d8dHHaLgosiynBXUZk=", "last_login": "2018-08-24T22:08:59.186Z", "is_superuser": true, "username": "kamil", "first_name": "Kamil", "last_name": "", "email": "kamil@abc.com", "is_staff": true, "is_active": true, "date_joined": "2018-08-16T20:06:36Z", "groups": [], "user_permissions": []}}, {"model": "auth.user", "pk": 13, "fields": {"password": "pbkdf2_sha256$100000$qnPtULbdkR24$poa77JmWQxS1sVHeJGXK/Fdxd1gAs7Fhqie/9TnSdcQ=", "last_login": "2018-08-20T18:00:03.170Z", "is_superuser": false, "username": "Ann", "first_name": "Ann", "last_name": "", "email": "ann@abc.com", "is_staff": false, "is_active": true, "date_joined": "2018-08-20T13:48:18Z", "groups": [1], "user_permissions": []}}, {"model": "auth.user", "pk": 14, "fields": {"password": "pbkdf2_sha256$100000$XMaick1Kyifg$gMeD9dfMYLpQj+JuQETRjim9TK32P7bhFcLFQ3FGuF8=", "last_login": "2018-08-20T17:50:35.403Z", "is_superuser": false, "username": "Bob", "first_name": "Bob", "last_name": "", "email": "bob@abc.com", "is_staff": false, "is_active": true, "date_joined": "2018-08-20T17:48:06Z", "groups": [1], "user_permissions": []}}, {"model": "auth.user", "pk": 15, "fields": {"password": "pbkdf2_sha256$100000$bXMAghdyoQrr$UyPulHRqFq4tPp+wo70fNICC/AU7a/xh04iLL+5BkOs=", "last_login": "2018-08-20T17:52:15.528Z", "is_superuser": false, "username": "Chris", "first_name": "Chris", "last_name": "", "email": "chris@abc.com", "is_staff": false, "is_active": true, "date_joined": "2018-08-20T17:48:27Z", "groups": [2], "user_permissions": []}}, {"model": "auth.user", "pk": 16, "fields": {"password": "pbkdf2_sha256$100000$ttrfi8exfIev$M5QKOCHObogLYJRlp6N6sXNEB8SmnudDf6K56eXsTKw=", "last_login": "2018-08-20T17:52:55.773Z", "is_superuser": false, "username": "Dan", "first_name": "Dan", "last_name": "", "email": "dan@abc.com", "is_staff": false, "is_active": true, "date_joined": "2018-08-20T17:48:52Z", "groups": [2], "user_permissions": []}}, {"model": "sessions.session", "pk": "41yam1slnqvtm4em93q7esakctnxnsz9", "fields": {"session_data": "NWVhM2I5OGRhNmMxNmMzZDVmMGUyODg4ZTRiN2ViODU3NzA2YTAxNjp7Il9hdXRoX3VzZXJfaWQiOiIxIiwiX2F1dGhfdXNlcl9iYWNrZW5kIjoiZGphbmdvLmNvbnRyaWIuYXV0aC5iYWNrZW5kcy5Nb2RlbEJhY2tlbmQiLCJfYXV0aF91c2VyX2hhc2giOiI5NmQzYTk4YmNjZDRiNGQyYjBlYTdjYjI3Y2Q4YTRkNjdiNzA0OTg1In0=", "expire_date": "2018-09-02T10:27:54.868Z"}}, {"model": "sessions.session", "pk": "992vi60b87kw8l4quz6m61aappb30q4y", "fields": {"session_data": "NTYzYTg4YzI0NzhmOWIzNTQ1YWU4NmU2MjM1MDg3NzBmYWEwODZmNDp7Il9hdXRoX3VzZXJfaWQiOiIxMiIsIl9hdXRoX3VzZXJfYmFja2VuZCI6ImRqYW5nby5jb250cmliLmF1dGguYmFja2VuZHMuTW9kZWxCYWNrZW5kIiwiX2F1dGhfdXNlcl9oYXNoIjoiZWJjZjdlYmNiMzJjNmZiZmU3ZDkyZWM3ODFjNTg2ZTM4YjcyNjg3OSJ9", "expire_date": "2018-08-31T17:11:27.043Z"}}, {"model": "sessions.session", "pk": "fsm5jllz6b7wnnpwma4ub37tx974jt5f", "fields": {"session_data": "NWVhM2I5OGRhNmMxNmMzZDVmMGUyODg4ZTRiN2ViODU3NzA2YTAxNjp7Il9hdXRoX3VzZXJfaWQiOiIxIiwiX2F1dGhfdXNlcl9iYWNrZW5kIjoiZGphbmdvLmNvbnRyaWIuYXV0aC5iYWNrZW5kcy5Nb2RlbEJhY2tlbmQiLCJfYXV0aF91c2VyX2hhc2giOiI5NmQzYTk4YmNjZDRiNGQyYjBlYTdjYjI3Y2Q4YTRkNjdiNzA0OTg1In0=", "expire_date": "2018-09-03T17:57:17.422Z"}}, {"model": "sessions.session", "pk": "i1qck9v7cn2rtnnm027hw11n7l5yj2gg", "fields": {"session_data": "OWViZjE0MzIwYmYyYzU1ODZmOGVlNWYxNDRmMGJjNzEyYTBmZjg2Nzp7Il9hdXRoX3VzZXJfaWQiOiIyIiwiX2F1dGhfdXNlcl9iYWNrZW5kIjoiZGphbmdvLmNvbnRyaWIuYXV0aC5iYWNrZW5kcy5Nb2RlbEJhY2tlbmQiLCJfYXV0aF91c2VyX2hhc2giOiJlZTk1N2NhYTc5ZDY3Mzc5MzM2ZjUxMzYxM2IzMTQxN2I5Zjg3YmI5In0=", "expire_date": "2018-09-01T22:51:20.946Z"}}, {"model": "sessions.session", "pk": "oj18k0a4sloqg6mcsvynic3e5jbmdrnv", "fields": {"session_data": "ZWM3Nzk1MmYwNGJhYmVkZTJkOTQxMGE1NDIxZmI0MGViNDgyNzZmMzp7Il9hdXRoX3VzZXJfaWQiOiIxIiwiX2F1dGhfdXNlcl9iYWNrZW5kIjoiZGphbmdvLmNvbnRyaWIuYXV0aC5iYWNrZW5kcy5Nb2RlbEJhY2tlbmQiLCJfYXV0aF91c2VyX2hhc2giOiIwMjY0MGUzYzEwOGFiZjlkMTg4NTVhYTdjMTgyYTU2ZGYwYmNlMTFmIn0=", "expire_date": "2018-09-04T10:51:58.914Z"}}, {"model": "sessions.session", "pk": "qbzd75k5g5fkqf0lf7776o3toozb1j2v", "fields": {"session_data": "NWVhM2I5OGRhNmMxNmMzZDVmMGUyODg4ZTRiN2ViODU3NzA2YTAxNjp7Il9hdXRoX3VzZXJfaWQiOiIxIiwiX2F1dGhfdXNlcl9iYWNrZW5kIjoiZGphbmdvLmNvbnRyaWIuYXV0aC5iYWNrZW5kcy5Nb2RlbEJhY2tlbmQiLCJfYXV0aF91c2VyX2hhc2giOiI5NmQzYTk4YmNjZDRiNGQyYjBlYTdjYjI3Y2Q4YTRkNjdiNzA0OTg1In0=", "expire_date": "2018-08-31T17:55:22.236Z"}}, {"model": "sessions.session", "pk": "u36s7wjm6apqec977d80hjp2ds1m4lzo", "fields": {"session_data": "NWVhM2I5OGRhNmMxNmMzZDVmMGUyODg4ZTRiN2ViODU3NzA2YTAxNjp7Il9hdXRoX3VzZXJfaWQiOiIxIiwiX2F1dGhfdXNlcl9iYWNrZW5kIjoiZGphbmdvLmNvbnRyaWIuYXV0aC5iYWNrZW5kcy5Nb2RlbEJhY2tlbmQiLCJfYXV0aF91c2VyX2hhc2giOiI5NmQzYTk4YmNjZDRiNGQyYjBlYTdjYjI3Y2Q4YTRkNjdiNzA0OTg1In0=", "expire_date": "2018-09-01T17:57:38.941Z"}}, {"model": "taggit.tag", "pk": 4, "fields": {"name": "lorem", "slug": "lorem"}}, {"model": "taggit.tag", "pk": 5, "fields": {"name": "vivamus", "slug": "vivamus"}}, {"model": "taggit.tag", "pk": 6, "fields": {"name": "dolor", "slug": "dolor"}}, {"model": "taggit.tag", "pk": 7, "fields": {"name": "sed", "slug": "sed"}}, {"model": "taggit.tag", "pk": 8, "fields": {"name": "nullam", "slug": "nullam"}}, {"model": "taggit.tag", "pk": 9, "fields": {"name": "quam", "slug": "quam"}}, {"model": "taggit.tag", "pk": 10, "fields": {"name": "lacus", "slug": "lacus"}}, {"model": "taggit.taggeditem", "pk": 11, "fields": {"tag": 4, "content_type": 15, "object_id": 6}}, {"model": "taggit.taggeditem", "pk": 12, "fields": {"tag": 5, "content_type": 15, "object_id": 7}}, {"model": "taggit.taggeditem", "pk": 13, "fields": {"tag": 6, "content_type": 15, "object_id": 7}}, {"model": "taggit.taggeditem", "pk": 14, "fields": {"tag": 7, "content_type": 15, "object_id": 7}}, {"model": "taggit.taggeditem", "pk": 15, "fields": {"tag": 8, "content_type": 15, "object_id": 8}}, {"model": "taggit.taggeditem", "pk": 16, "fields": {"tag": 4, "content_type": 15, "object_id": 8}}, {"model": "taggit.taggeditem", "pk": 17, "fields": {"tag": 6, "content_type": 15, "object_id": 8}}, {"model": "taggit.taggeditem", "pk": 18, "fields": {"tag": 9, "content_type": 15, "object_id": 9}}, {"model": "taggit.taggeditem", "pk": 19, "fields": {"tag": 10, "content_type": 15, "object_id": 9}}, {"model": "taggit.taggeditem", "pk": 20, "fields": {"tag": 4, "content_type": 15, "object_id": 9}}, {"model": "blog.post", "pk": 6, "fields": {"author": 13, "picture": "media/None/no-img.jpg", "title": "Lorem ipsum", "slug": "lorem-ipsum", "content": "Lorem ipsum dolor sit amet, consectetur adipiscing elit. Phasellus a ultricies eros, quis consectetur nisi. Nam ac dolor varius, pharetra ipsum quis, finibus dui. Suspendisse potenti. Fusce ex nibh, ultrices vitae efficitur at, ullamcorper vel velit. Donec eget sapien diam. Sed et cursus nibh. Mauris justo nulla, dapibus at vehicula vitae, sollicitudin ut risus. Aenean porttitor vestibulum nisi, eu malesuada nisi interdum id. Cras at rhoncus purus, vitae convallis diam.", "published_date": "2018-08-20T13:50:05Z", "allow_comments": true, "status": "PUBLISHED", "category": [1]}}, {"model": "blog.post", "pk": 7, "fields": {"author": 14, "picture": "media/None/no-img.jpg", "title": "Vivamus egestas diam", "slug": "vivamus-egestas-diam", "content": "Cras ac augue id dolor dapibus sagittis. Sed scelerisque, libero vel posuere vulputate, ante ante consequat diam, fermentum dapibus augue leo eu ligula. Vivamus egestas diam ut ipsum fringilla, sed efficitur velit laoreet. Fusce porta tristique orci, nec aliquet elit tristique sed. Donec vitae consequat quam. Ut dictum, odio at cursus porttitor, nibh nunc maximus enim, in imperdiet urna arcu nec dolor. Cras faucibus vestibulum consectetur. Nam ullamcorper lectus non auctor volutpat. Aenean placerat, dolor at vestibulum euismod, quam nisi maximus massa, in dapibus velit mauris at velit.", "published_date": "2018-08-20T17:50:39Z", "allow_comments": false, "status": "PUBLISHED", "category": [2, 3]}}, {"model": "blog.post", "pk": 8, "fields": {"author": 1, "picture": "media/None/no-img.jpg", "title": "Nullam est quam", "slug": "nullam-est-quam", "content": "Nullam est quam, condimentum eu velit ut, tempus ultricies justo. Cras facilisis aliquet aliquet. Integer consequat tincidunt nulla eu fringilla. Curabitur posuere rhoncus turpis, ac fringilla nunc. Suspendisse blandit elit in risus vulputate tempor. Nunc ullamcorper sem dapibus, tempus dolor et, ullamcorper sapien. Cras condimentum, neque in vehicula accumsan, odio urna faucibus purus, ornare cursus massa sem a nisl.\r\n\r\n Lorem ipsum dolor sit amet, consectetur adipiscing elit. Aliquam erat enim, gravida sed luctus vitae, imperdiet ut diam. Nunc suscipit orci iaculis, pulvinar urna vel, porta orci. Praesent sodales gravida felis sit amet consequat. Nullam tortor nisi, fermentum sed laoreet eget, pulvinar nec mi. Phasellus lacinia quis eros a luctus. Donec a interdum urna. Vivamus lacinia eros sed tellus pretium, non consequat urna vulputate. Sed porta eu eros et euismod. Phasellus malesuada libero ut pretium sollicitudin.", "published_date": "2018-08-20T17:54:14Z", "allow_comments": true, "status": "PUBLISHED", "category": [3, 4]}}, {"model": "blog.post", "pk": 9, "fields": {"author": 13, "picture": "media/None/no-img.jpg", "title": "Vestibulum dictum consequa", "slug": "vestibulum-dictum-consequa", "content": "Integer justo leo, tempor in elementum at, faucibus nec quam. Vestibulum dictum consequat libero at sagittis. Duis eget laoreet erat. Donec pellentesque nec risus sit amet fermentum. Donec tristique vestibulum varius. Etiam nec nisi volutpat, sollicitudin urna semper, convallis ligula. Quisque varius libero ut nisl interdum aliquet. Nulla quis augue mollis, fermentum lacus in, fringilla odio. Duis feugiat semper lacus, vitae lobortis mi vulputate eu. Integer gravida consectetur ipsum, id euismod quam molestie id.", "published_date": "2017-06-10T16:00:05Z", "allow_comments": true, "status": "PUBLISHED", "category": [6, 7]}}, {"model": "blog.profile", "pk": 1, "fields": {"user": 1, "avatar": "media/avatars/none.jpg", "bio": ""}}, {"model": "blog.profile", "pk": 13, "fields": {"user": 13, "avatar": "media/avatars/none.jpg", "bio": ""}}, {"model": "blog.profile", "pk": 14, "fields": {"user": 14, "avatar": "media/avatars/none.jpg", "bio": ""}}, {"model": "blog.profile", "pk": 15, "fields": {"user": 15, "avatar": "media/avatars/none.jpg", "bio": ""}}, {"model": "blog.profile", "pk": 16, "fields": {"user": 16, "avatar": "media/avatars/none.jpg", "bio": ""}}, {"model": "admin.logentry", "pk": 1, "fields": {"action_time": "2018-08-16T20:11:04.236Z", "user": 1, "content_type": 3, "object_id": "1", "object_repr": "Editors", "action_flag": 1, "change_message": "[{\"added\": {}}]"}}, {"model": "admin.logentry", "pk": 2, "fields": {"action_time": "2018-08-16T20:12:20.627Z", "user": 1, "content_type": 3, "object_id": "2", "object_repr": "Normal", "action_flag": 1, "change_message": "[{\"added\": {}}]"}}, {"model": "admin.logentry", "pk": 3, "fields": {"action_time": "2018-08-16T20:14:11.750Z", "user": 1, "content_type": 4, "object_id": "2", "object_repr": "Alice", "action_flag": 1, "change_message": "[{\"added\": {}}]"}}, {"model": "admin.logentry", "pk": 4, "fields": {"action_time": "2018-08-16T20:14:19.771Z", "user": 1, "content_type": 4, "object_id": "2", "object_repr": "alice", "action_flag": 2, "change_message": "[{\"changed\": {\"fields\": [\"username\"]}}]"}}, {"model": "admin.logentry", "pk": 5, "fields": {"action_time": "2018-08-16T20:14:39.761Z", "user": 1, "content_type": 4, "object_id": "3", "object_repr": "bob", "action_flag": 1, "change_message": "[{\"added\": {}}]"}}, {"model": "admin.logentry", "pk": 6, "fields": {"action_time": "2018-08-16T20:14:52.705Z", "user": 1, "content_type": 4, "object_id": "4", "object_repr": "chris", "action_flag": 1, "change_message": "[{\"added\": {}}]"}}, {"model": "admin.logentry", "pk": 7, "fields": {"action_time": "2018-08-16T20:15:28.093Z", "user": 1, "content_type": 4, "object_id": "2", "object_repr": "alice", "action_flag": 2, "change_message": "[{\"changed\": {\"fields\": [\"groups\"]}}]"}}, {"model": "admin.logentry", "pk": 8, "fields": {"action_time": "2018-08-16T20:15:44.193Z", "user": 1, "content_type": 4, "object_id": "3", "object_repr": "bob", "action_flag": 2, "change_message": "[]"}}, {"model": "admin.logentry", "pk": 9, "fields": {"action_time": "2018-08-16T20:15:56.922Z", "user": 1, "content_type": 4, "object_id": "4", "object_repr": "chris", "action_flag": 2, "change_message": "[{\"changed\": {\"fields\": [\"groups\"]}}]"}}, {"model": "admin.logentry", "pk": 10, "fields": {"action_time": "2018-08-16T20:16:55.354Z", "user": 1, "content_type": 14, "object_id": "1", "object_repr": "Science", "action_flag": 1, "change_message": "[{\"added\": {}}]"}}, {"model": "admin.logentry", "pk": 11, "fields": {"action_time": "2018-08-16T20:17:01.484Z", "user": 1, "content_type": 14, "object_id": "2", "object_repr": "Technology", "action_flag": 1, "change_message": "[{\"added\": {}}]"}}, {"model": "admin.logentry", "pk": 12, "fields": {"action_time": "2018-08-16T20:17:13.993Z", "user": 1, "content_type": 14, "object_id": "3", "object_repr": "Nature", "action_flag": 1, "change_message": "[{\"added\": {}}]"}}, {"model": "admin.logentry", "pk": 13, "fields": {"action_time": "2018-08-17T09:10:00.002Z", "user": 1, "content_type": 4, "object_id": "2", "object_repr": "alice", "action_flag": 2, "change_message": "[{\"changed\": {\"fields\": [\"first_name\"]}}]"}}, {"model": "admin.logentry", "pk": 14, "fields": {"action_time": "2018-08-17T15:36:11.927Z", "user": 1, "content_type": 14, "object_id": "4", "object_repr": "Culture", "action_flag": 1, "change_message": "[{\"added\": {}}]"}}, {"model": "admin.logentry", "pk": 15, "fields": {"action_time": "2018-08-17T15:36:17.456Z", "user": 1, "content_type": 14, "object_id": "5", "object_repr": "Design", "action_flag": 1, "change_message": "[{\"added\": {}}]"}}, {"model": "admin.logentry", "pk": 16, "fields": {"action_time": "2018-08-17T15:36:25.206Z", "user": 1, "content_type": 14, "object_id": "6", "object_repr": "Health", "action_flag": 1, "change_message": "[{\"added\": {}}]"}}, {"model": "admin.logentry", "pk": 17, "fields": {"action_time": "2018-08-17T15:36:30.484Z", "user": 1, "content_type": 14, "object_id": "7", "object_repr": "Travel", "action_flag": 1, "change_message": "[{\"added\": {}}]"}}, {"model": "admin.logentry", "pk": 18, "fields": {"action_time": "2018-08-17T15:48:49.184Z", "user": 1, "content_type": 4, "object_id": "1", "object_repr": "kamil", "action_flag": 2, "change_message": "[{\"changed\": {\"fields\": [\"first_name\"]}}]"}}, {"model": "admin.logentry", "pk": 19, "fields": {"action_time": "2018-08-17T16:24:39.070Z", "user": 1, "content_type": 4, "object_id": "5", "object_repr": "jimmy", "action_flag": 3, "change_message": ""}}, {"model": "admin.logentry", "pk": 20, "fields": {"action_time": "2018-08-17T16:38:24.987Z", "user": 1, "content_type": 4, "object_id": "6", "object_repr": "jimmy", "action_flag": 3, "change_message": ""}}, {"model": "admin.logentry", "pk": 21, "fields": {"action_time": "2018-08-17T16:39:39.079Z", "user": 1, "content_type": 4, "object_id": "7", "object_repr": "jimmy", "action_flag": 3, "change_message": ""}}, {"model": "admin.logentry", "pk": 22, "fields": {"action_time": "2018-08-17T16:39:39.240Z", "user": 1, "content_type": 4, "object_id": "8", "object_repr": "jimmy2", "action_flag": 3, "change_message": ""}}, {"model": "admin.logentry", "pk": 23, "fields": {"action_time": "2018-08-17T16:50:33.125Z", "user": 1, "content_type": 4, "object_id": "9", "object_repr": "jimmy", "action_flag": 3, "change_message": ""}}, {"model": "admin.logentry", "pk": 24, "fields": {"action_time": "2018-08-17T16:52:59.998Z", "user": 1, "content_type": 4, "object_id": "10", "object_repr": "jimmy", "action_flag": 3, "change_message": ""}}, {"model": "admin.logentry", "pk": 25, "fields": {"action_time": "2018-08-17T17:07:39.999Z", "user": 1, "content_type": 4, "object_id": "11", "object_repr": "jimmy", "action_flag": 3, "change_message": ""}}, {"model": "admin.logentry", "pk": 26, "fields": {"action_time": "2018-08-17T17:55:50.139Z", "user": 1, "content_type": 8, "object_id": "1", "object_repr": "Jimmy: Jimmy's comment...", "action_flag": 3, "change_message": ""}}, {"model": "admin.logentry", "pk": 27, "fields": {"action_time": "2018-08-17T17:56:13.865Z", "user": 1, "content_type": 7, "object_id": "1", "object_repr": "localhost:8000", "action_flag": 2, "change_message": "[{\"changed\": {\"fields\": [\"domain\", \"name\"]}}]"}}, {"model": "admin.logentry", "pk": 28, "fields": {"action_time": "2018-08-18T17:58:50.638Z", "user": 1, "content_type": 15, "object_id": "3", "object_repr": "Sample old post", "action_flag": 1, "change_message": "[{\"added\": {}}]"}}, {"model": "admin.logentry", "pk": 29, "fields": {"action_time": "2018-08-18T21:55:41.660Z", "user": 1, "content_type": 4, "object_id": "12", "object_repr": "jimmy", "action_flag": 2, "change_message": "[{\"changed\": {\"fields\": [\"groups\"]}}]"}}, {"model": "admin.logentry", "pk": 30, "fields": {"action_time": "2018-08-19T10:28:19.471Z", "user": 1, "content_type": 4, "object_id": "2", "object_repr": "alice", "action_flag": 3, "change_message": ""}}, {"model": "admin.logentry", "pk": 31, "fields": {"action_time": "2018-08-19T10:28:19.558Z", "user": 1, "content_type": 4, "object_id": "3", "object_repr": "bob", "action_flag": 3, "change_message": ""}}, {"model": "admin.logentry", "pk": 32, "fields": {"action_time": "2018-08-19T10:28:19.651Z", "user": 1, "content_type": 4, "object_id": "4", "object_repr": "chris", "action_flag": 3, "change_message": ""}}, {"model": "admin.logentry", "pk": 33, "fields": {"action_time": "2018-08-19T10:28:19.742Z", "user": 1, "content_type": 4, "object_id": "12", "object_repr": "jimmy", "action_flag": 3, "change_message": ""}}, {"model": "admin.logentry", "pk": 34, "fields": {"action_time": "2018-08-19T10:28:44.102Z", "user": 1, "content_type": 12, "object_id": "1", "object_repr": "tag1", "action_flag": 3, "change_message": ""}}, {"model": "admin.logentry", "pk": 35, "fields": {"action_time": "2018-08-19T10:28:44.176Z", "user": 1, "content_type": 12, "object_id": "3", "object_repr": "tag2", "action_flag": 3, "change_message": ""}}, {"model": "admin.logentry", "pk": 36, "fields": {"action_time": "2018-08-19T10:28:44.268Z", "user": 1, "content_type": 12, "object_id": "2", "object_repr": "tag3", "action_flag": 3, "change_message": ""}}, {"model": "admin.logentry", "pk": 37, "fields": {"action_time": "2018-08-19T10:29:17.082Z", "user": 1, "content_type": 8, "object_id": "2", "object_repr": "Kamil XYZ: my comment...", "action_flag": 3, "change_message": ""}}, {"model": "admin.logentry", "pk": 38, "fields": {"action_time": "2018-08-19T10:29:17.169Z", "user": 1, "content_type": 8, "object_id": "3", "object_repr": "asc: asc...", "action_flag": 3, "change_message": ""}}, {"model": "admin.logentry", "pk": 39, "fields": {"action_time": "2018-08-19T10:29:17.276Z", "user": 1, "content_type": 8, "object_id": "4", "object_repr": "Jimmy: my comment...", "action_flag": 3, "change_message": ""}}, {"model": "admin.logentry", "pk": 40, "fields": {"action_time": "2018-08-20T13:49:14.030Z", "user": 1, "content_type": 4, "object_id": "1", "object_repr": "kamil", "action_flag": 2, "change_message": "[{\"changed\": {\"fields\": [\"last_name\"]}}]"}}, {"model": "admin.logentry", "pk": 41, "fields": {"action_time": "2018-08-20T13:49:40.446Z", "user": 1, "content_type": 4, "object_id": "13", "object_repr": "Ann", "action_flag": 2, "change_message": "[{\"changed\": {\"fields\": [\"groups\"]}}]"}}, {"model": "admin.logentry", "pk": 42, "fields": {"action_time": "2018-08-20T17:49:38.703Z", "user": 1, "content_type": 4, "object_id": "14", "object_repr": "Bob", "action_flag": 2, "change_message": "[{\"changed\": {\"fields\": [\"groups\"]}}]"}}, {"model": "admin.logentry", "pk": 43, "fields": {"action_time": "2018-08-20T17:50:07.352Z", "user": 1, "content_type": 4, "object_id": "15", "object_repr": "Chris", "action_flag": 2, "change_message": "[{\"changed\": {\"fields\": [\"groups\"]}}]"}}, {"model": "admin.logentry", "pk": 44, "fields": {"action_time": "2018-08-20T17:50:23.812Z", "user": 1, "content_type": 4, "object_id": "16", "object_repr": "Dan", "action_flag": 2, "change_message": "[{\"changed\": {\"fields\": [\"groups\"]}}]"}}]